block_BlockHeight,block_BlockTime,block_Blockhash,block_ParentSlot,block_PreviousBlockhash,block_lenTransactions,tx_Signature,tx_Slot,tx_BlockTime,tx_Fee,tx_Status,tx_Err,tx_RecentBlockhash,tx_NumRequiredSignatures,tx_lenSignatures,tx_AccountKeys
160238141,1675855074,AXXJkE83qqB8fArhXnT5iSVsXrDAynMteERzBz7fHaia,176688000,FPXfqpRQELVx6y141nvngXC3uwZGJoBbcsNCxU8eZ6Am,575,3Nf3yaVfDyTNenMmuThD9d86eHXNkHVLcpADd8T393W5DqFZZMTQTVitNcHcg3AU6U6MDWpjvtzBdGjmXdVY6Mqe,176688001,1675855074,5000,<nil>,<nil>,FPXfqpRQELVx6y141nvngXC3uwZGJoBbcsNCxU8eZ6Am,1,1,[7QQGNm3ptwinipDCyaCF7jY5katgmFUu1ieP2f7nwLpE 8BMMDVM8Tb88a2Hx1VSZ1TKmH1rMHbVU7xVafMk9JrEW SysvarC1ock11111111111111111111111111111111 SysvarS1otHashes111111111111111111111111111 Vote111111111111111111111111111111111111111]
160238141,1675855074,AXXJkE83qqB8fArhXnT5iSVsXrDAynMteERzBz7fHaia,176688000,FPXfqpRQELVx6y141nvngXC3uwZGJoBbcsNCxU8eZ6Am,575,5nsnnYUzMkVtcosod3kcB4ocf4uAkCMqDCVJsMfe98WtRikWovB1EeWWTh5wmnFCBzhUcJxs7B7hpoQ7VUEro853,176688001,1675855074,5000,<nil>,<nil>,Apd28ivqyBG6cDRRAeGxfXag7a196V4oXJKVbepKZ9dX,1,1,[Ei8VLKR3chZAhJzWwj8PopeuedpQiths2ovVCQ2BCvK7 8RDsLp5kLZEt2swpKne8JuZAN6PFRX1ak29Hci2DT1Xa SysvarC1ock11111111111111111111111111111111 SysvarS1otHashes111111111111111111111111111 Vote111111111111111111111111111111111111111]
160238141,1675855074,AXXJkE83qqB8fArhXnT5iSVsXrDAynMteERzBz7fHaia,176688000,FPXfqpRQELVx6y141nvngXC3uwZGJoBbcsNCxU8eZ6Am,575,4uUchp8pfaGBkFpibEcsAW5H11vA5fEZkXd5dGwUmUqho1jjx2ANYr34fGUNTP9vMnLhhijYqtbVQ4mo8qYaAqzE,176688001,1675855074,5000,<nil>,<nil>,Apd28ivqyBG6cDRRAeGxfXag7a196V4oXJKVbepKZ9dX,1,1,[2YruTzaoqUyc2L7MvVyZerp9zMcVy9icBxbXS2HW9upa 7U64zxDs7UGZmCGAQizNi7VognhUQmu9DYWhXjRbJnf4 SysvarC1ock11111111111111111111111111111111 SysvarS1otHashes111111111111111111111111111 Vote111111111111111111111111111111111111111]
160238141,1675855074,AXXJkE83qqB8fArhXnT5iSVsXrDAynMteERzBz7fHaia,176688000,FPXfqpRQELVx6y141nvngXC3uwZGJoBbcsNCxU8eZ6Am,575,3GUGuVu9GrYsxYqGKKf2nrVPCxgaAyTWnZEGLtaNnoTeFXEXDaG1j8vForkfBfNXMXAtbzTzfTU6TxK8ByGBAMu3,176688001,1675855074,5000,<nil>,<nil>,EAqsMhjQhow9YYZmCbqtABQAATpjsnU4qczsUFEuh14Q,1,1,[CkXqq2TFqdiST4SR4YEiqoPwvJboiPv4EZYz9dFZodR3 tnaKD5evRkBonwyW5n5yKoJrt7H871Aboh1AWXH9AFj SysvarC1ock11111111111111111111111111111111 SysvarS1otHashes111111111111111111111111111 Vote111111111111111111111111111111111111111]
160238141,1675855074,AXXJkE83qqB8fArhXnT5iSVsXrDAynMteERzBz7fHaia,176688000,FPXfqpRQELVx6y141nvngXC3uwZGJoBbcsNCxU8eZ6Am,575,33YT6XPsKqCRZN5tHNJevqpE5ojT9hMCeDvjUexUC6sYVrnYxy7fvpJ3YCPzLWxVYTeCEd85b9LXcUsoeBEy8uus,176688001,1675855074,5000,<nil>,<nil>,Apd28ivqyBG6cDRRAeGxfXag7a196V4oXJKVbepKZ9dX,1,1,[3nHifWJsTaSdekYgg7jhnZ9X6KtY94k6T4fNKczPNT7J EAT8y4rvy11Zd9V9FToPmpx5kZX34sjAsMcYwi5tbbtN SysvarC1ock11111111111111111111111111111111 SysvarS1otHashes111111111111111111111111111 Vote111111111111111111111111111111111111111]
160238141,1675855074,AXXJkE83qqB8fArhXnT5iSVsXrDAynMteERzBz7fHaia,176688000,FPXfqpRQELVx6y141nvngXC3uwZGJoBbcsNCxU8eZ6Am,575,4irPkMpmuUixNUVeP3fXYJDPcWaMuss4KQ9c2iiUKQ8rYyZfkDkGdX2ToW2TLyUCpyznz9eTvGQXD2b6YYK33gxn,176688001,1675855074,5000,<nil>,<nil>,4G3vx3CmCybfEXXV8TQ6aeNgHZX9zj69Uz1Xqq13hczE,1,1,[3S4r9TnSYzggnFWeny28vkgZSA4FUF5ducvBxQsKugvj 9QAWHKhWuwAYc6vZhGarcai9WeFeZNeBJTNfMbNTbKQ9 SysvarC1ock11111111111111111111111111111111 SysvarS1otHashes111111111111111111111111111 Vote111111111111111111111111111111111111111]
160238141,1675855074,AXXJkE83qqB8fArhXnT5iSVsXrDAynMteERzBz7fHaia,176688000,FPXfqpRQELVx6y141nvngXC3uwZGJoBbcsNCxU8eZ6Am,575,2Ku6boyoMAeotq8RidDDBAmsbFBYf1aiaJH3rspqSzZ4hYXH5AK7VZHkCpWxCPWsiNaEEJuDsnMLpxATgVwLXUzv,176688001,1675855074,5000,<nil>,<nil>,4G3vx3CmCybfEXXV8TQ6aeNgHZX9zj69Uz1Xqq13hczE,1,1,[CpdzCVzaR9gjFymmEVE8xHboJFHaDnimRZ448cMBs6Rn Fy6zNoZ1eCPpQX3JXeQ9Yd1HW1BFL8rrFmDvYYDnuxjT SysvarC1ock11111111111111111111111111111111 SysvarS1otHashes111111111111111111111111111 Vote111111111111111111111111111111111111111]
160238141,1675855074,AXXJkE83qqB8fArhXnT5iSVsXrDAynMteERzBz7fHaia,176688000,FPXfqpRQELVx6y141nvngXC3uwZGJoBbcsNCxU8eZ6Am,575,4isr3GSeqkiY3UCQ5iafqo9FVRrhi2Htzi8QDusbeafJoN1RAm7cKdxMHEu9PgYkDP2h7zuDV9NhjKyYV85xwF53,176688001,1675855074,5000,<nil>,<nil>,Apd28ivqyBG6cDRRAeGxfXag7a196V4oXJKVbepKZ9dX,1,1,[8AEuKfv6ovrTwo5wcitjkR12Hf7XpKD4RDgUyVCLtfDr 7hw65VkxYggghW6i9epfvbTaGzW2sqp3EAEWBZ5g7ATN SysvarC1ock11111111111111111111111111111111 SysvarS1otHashes111111111111111111111111111 Vote111111111111111111111111111111111111111]
160238141,1675855074,AXXJkE83qqB8fArhXnT5iSVsXrDAynMteERzBz7fHaia,176688000,FPXfqpRQELVx6y141nvngXC3uwZGJoBbcsNCxU8eZ6Am,575,tXzeggRTz2xAHZQLmBrd7rvGeFDGsf7PKV61H8noGrxxSW4un4qPfPhWxNSNy3xqtNmK9CXy8a6czUGkNnHKTfH,176688001,1675855074,5000,<nil>,<nil>,4G3vx3CmCybfEXXV8TQ6aeNgHZX9zj69Uz1Xqq13hczE,1,1,[4D849e7BMQqdbRfTRrjjMExscBrbKLin9Qj9gQbCLxkv Gv2eqXBhUdr4yZQAweQdkqQ2gi3wmaZrZNph3ev3x5Ph SysvarC1ock11111111111111111111111111111111 SysvarS1otHashes111111111111111111111111111 Vote111111111111111111111111111111111111111]
160238141,1675855074,AXXJkE83qqB8fArhXnT5iSVsXrDAynMteERzBz7fHaia,176688000,FPXfqpRQELVx6y141nvngXC3uwZGJoBbcsNCxU8eZ6Am,575,4UJ5Z5hh7yA6Dc7zp7WiSHt7iYfuNMpDcGYbjDcMXqLvs9BrCnxNZmCkVx3RXZXiwrXTAozm5wBFWxVmfq1XUVzM,176688001,1675855074,5000,<nil>,<nil>,4G3vx3CmCybfEXXV8TQ6aeNgHZX9zj69Uz1Xqq13hczE,1,1,[9X6VmFJKtGcKj8JDFNNjBQYuvHwAYSAbuiLyX2LTnoK7 CoVfDA6MBffPKZeyu3dak5YSbB9MaRdxGcicmRp7ZXcw SysvarC1ock11111111111111111111111111111111 SysvarS1otHashes111111111111111111111111111 Vote111111111111111111111111111111111111111]
160238142,1675855075,Hp4rrWnNBKSHDgqT3eCSYYVVExUAqmD7Zj82SCn4d2vW,176688001,AXXJkE83qqB8fArhXnT5iSVsXrDAynMteERzBz7fHaia,8,4Q4QPr7fhGBXJ7YASQa5bLqJ6xTBAqgAxQJy2CtZYazgLDMBzW27TknQwUGpGsRSsjuLKSt6k8Q9Bo2XzDpVmhXQ,176688002,1675855075,5000,<nil>,<nil>,AXXJkE83qqB8fArhXnT5iSVsXrDAynMteERzBz7fHaia,1,1,[7QQGNm3ptwinipDCyaCF7jY5katgmFUu1ieP2f7nwLpE 8BMMDVM8Tb88a2Hx1VSZ1TKmH1rMHbVU7xVafMk9JrEW SysvarC1ock11111111111111111111111111111111 SysvarS1otHashes111111111111111111111111111 Vote111111111111111111111111111111111111111]
160238142,1675855075,Hp4rrWnNBKSHDgqT3eCSYYVVExUAqmD7Zj82SCn4d2vW,176688001,AXXJkE83qqB8fArhXnT5iSVsXrDAynMteERzBz7fHaia,8,3NDtF99rfhE9CXPXjmRSJV22aRHcieHH5XGMecJSxvxRzBfzqm9u6ufrsWMiwnDUCtjG9gzyxJaVx7s4mZ7SrqwE,176688002,1675855075,5000,<nil>,<nil>,EAqsMhjQhow9YYZmCbqtABQAATpjsnU4qczsUFEuh14Q,1,1,[DQ62jd3bBydCKgHNCNBudS3muJEbArKoJd14W38S2NHE 4ZCnzKSLNUrJnLqPGYvD2DWgZuoFrs419tEk1J1VZyNw SysvarC1ock11111111111111111111111111111111 SysvarS1otHashes111111111111111111111111111 Vote111111111111111111111111111111111111111]
160238142,1675855075,Hp4rrWnNBKSHDgqT3eCSYYVVExUAqmD7Zj82SCn4d2vW,176688001,AXXJkE83qqB8fArhXnT5iSVsXrDAynMteERzBz7fHaia,8,2W2ZAxdskCh5WudeBwDmAdr5wJBo1PFufYwq5qRD6pRmDmp1uLNFGDps3fMEbGXtcxdRk7b1rBPGE7HkhdnEs9UD,176688002,1675855075,5000,<nil>,<nil>,jaufYbYWC46dhYeprhc2Ex5mEtxKEsaa35AVjqp2u1n,1,1,[7ZSVbdE4gTWq7rh8d6a22LoMmSCHNB45aBtnHD5C5bUc CviQXDMPZPVAZ5qgVGN2gSBSD9GqqwRt7VZidoHMpArr SysvarC1ock11111111111111111111111111111111 SysvarS1otHashes111111111111111111111111111 Vote111111111111111111111111111111111111111]
160238142,1675855075,Hp4rrWnNBKSHDgqT3eCSYYVVExUAqmD7Zj82SCn4d2vW,176688001,AXXJkE83qqB8fArhXnT5iSVsXrDAynMteERzBz7fHaia,8,5Z9KUg11zKH4XpbyuJq9parkALdoTEJDFg4epL67noSUMS4UsHjYcfKzhqY9ed32Mk39g8C55GSWmPtdTVLuKLLY,176688002,1675855075,5000,<nil>,<nil>,HSUWjDgzwBU7iGazgiGBmRwMEjLqyQPxBXzqVrTtwbYB,1,1,[2Eq6YD8P8QXTeoz9h6JHjgZ55t8RSxNdx4waMDCoPmQU C8MLmDCg3LReWoNCkFdHgsscFpHx2WdtcU9ZziNfXrhd SysvarC1ock11111111111111111111111111111111 SysvarS1otHashes111111111111111111111111111 Vote111111111111111111111111111111111111111]
160238142,1675855075,Hp4rrWnNBKSHDgqT3eCSYYVVExUAqmD7Zj82SCn4d2vW,176688001,AXXJkE83qqB8fArhXnT5iSVsXrDAynMteERzBz7fHaia,8,EQKSTRAo5N6cYYxPEi1WaWv5K7Sw8wdRe4QXXoTv2CAcSSeSDvvTqQPguVzSatAs6TN9dgxXd5bySXCxiqawVpu,176688002,1675855075,5000,<nil>,<nil>,7tbDXbquz4R4udP4J6UhnE4mJgPJn7eGw54BZzCV6Lii,1,1,[2Eq6YD8P8QXTeoz9h6JHjgZ55t8RSxNdx4waMDCoPmQU C8MLmDCg3LReWoNCkFdHgsscFpHx2WdtcU9ZziNfXrhd SysvarC1ock11111111111111111111111111111111 SysvarS1otHashes111111111111111111111111111 Vote111111111111111111111111111111111111111]
160238142,1675855075,Hp4rrWnNBKSHDgqT3eCSYYVVExUAqmD7Zj82SCn4d2vW,176688001,AXXJkE83qqB8fArhXnT5iSVsXrDAynMteERzBz7fHaia,8,yjxBJ73MCc72fp8F3UsjsPyj11hyug6VWarwN6JKWqyfEim4nhXwX79gv32XBPQXL5t3VPKVessHja6Eey2yxtn,176688002,1675855075,5000,<nil>,<nil>,8enwYX6NaFUcF15zxLTWHz8a1i9SHDwSmXRe7f7ibytx,1,1,[7ZSVbdE4gTWq7rh8d6a22LoMmSCHNB45aBtnHD5C5bUc CviQXDMPZPVAZ5qgVGN2gSBSD9GqqwRt7VZidoHMpArr SysvarC1ock11111111111111111111111111111111 SysvarS1otHashes111111111111111111111111111 Vote111111111111111111111111111111111111111]
160238142,1675855075,Hp4rrWnNBKSHDgqT3eCSYYVVExUAqmD7Zj82SCn4d2vW,176688001,AXXJkE83qqB8fArhXnT5iSVsXrDAynMteERzBz7fHaia,8,2znpiDzAs8sEKh4gXVtxWoqyVgytaVAhghewAEggNeeP9Vtfsc42E7Lz9zwHP8zxPvSbRAtTiWLBDe8MLbpu2mgz,176688002,1675855075,5000,<nil>,<nil>,4G3vx3CmCybfEXXV8TQ6aeNgHZX9zj69Uz1Xqq13hczE,1,1,[DBaiHGs3N3coL13evMepqZEUqZMT4BmdiAoCbkzXVT87 63HPSnde6Yeru7ev7NTbbRc8vg83PzzGz15jgEWPNqNJ SysvarC1ock11111111111111111111111111111111 SysvarS1otHashes111111111111111111111111111 Vote111111111111111111111111111111111111111]
160238142,1675855075,Hp4rrWnNBKSHDgqT3eCSYYVVExUAqmD7Zj82SCn4d2vW,176688001,AXXJkE83qqB8fArhXnT5iSVsXrDAynMteERzBz7fHaia,8,QNancn83h6E8brtQ7GMw1ST18GzpLhXDh9Uzu5QWP6iYZuXPQq6PcLyt5n9EPayXmkiUaBHxqkDyasTv57vaVno,176688002,1675855075,5000,<nil>,map[InstructionError:[0 map[Custom:0]]],DbBKYfuHPVhKmKZ3i8jYsH67Sfyh6KgrDWHkwocxzhvA,1,1,[DBaiHGs3N3coL13evMepqZEUqZMT4BmdiAoCbkzXVT87 63HPSnde6Yeru7ev7NTbbRc8vg83PzzGz15jgEWPNqNJ SysvarC1ock11111111111111111111111111111111 SysvarS1otHashes111111111111111111111111111 Vote111111111111111111111111111111111111111]
160238143,1675855075,HyvrRdFqSdgvwpswnHoonb1twfGhZh9fswd995hXasfP,176688002,Hp4rrWnNBKSHDgqT3eCSYYVVExUAqmD7Zj82SCn4d2vW,11,4Dc6tFA2atrA12eckXAm2ptcy6NWds3Ev6DM8w9FnyLH2Ssr2MTdPmR6UzE3vpeD5gzw94ZJeeNuCcMuYFEidCU8,176688003,1675855075,5000,<nil>,<nil>,EAqsMhjQhow9YYZmCbqtABQAATpjsnU4qczsUFEuh14Q,1,1,[DBaiHGs3N3coL13evMepqZEUqZMT4BmdiAoCbkzXVT87 63HPSnde6Yeru7ev7NTbbRc8vg83PzzGz15jgEWPNqNJ SysvarC1ock11111111111111111111111111111111 SysvarS1otHashes111111111111111111111111111 Vote111111111111111111111111111111111111111]
160238143,1675855075,HyvrRdFqSdgvwpswnHoonb1twfGhZh9fswd995hXasfP,176688002,Hp4rrWnNBKSHDgqT3eCSYYVVExUAqmD7Zj82SCn4d2vW,11,4AGGkHN4yUCXtBRtDdtfiijt5YfuqWfwn1jbznBhCYWBucLKJuYgNDuwRdpZQ78ZFyFnEfaRrDgdMDvj9DHFuuD3,176688003,1675855075,5000,<nil>,<nil>,Hp4rrWnNBKSHDgqT3eCSYYVVExUAqmD7Zj82SCn4d2vW,1,1,[7QQGNm3ptwinipDCyaCF7jY5katgmFUu1ieP2f7nwLpE 8BMMDVM8Tb88a2Hx1VSZ1TKmH1rMHbVU7xVafMk9JrEW SysvarC1ock11111111111111111111111111111111 SysvarS1otHashes111111111111111111111111111 Vote111111111111111111111111111111111111111]
160238143,1675855075,HyvrRdFqSdgvwpswnHoonb1twfGhZh9fswd995hXasfP,176688002,Hp4rrWnNBKSHDgqT3eCSYYVVExUAqmD7Zj82SCn4d2vW,11,oFsiYGpP5oEp5J7XmN8NSCMrzrPTjDgVbnCjpHfypM9HZWFoZefv35rEK9Jf3GDasfaDgUM6vai9K91DQ25BLKQ,176688003,1675855075,5000,<nil>,<nil>,C3bRz1rCDiqEsKxpn3HvCT36d5nGXChtDyToWrfu9jYj,1,1,[7ZSVbdE4gTWq7rh8d6a22LoMmSCHNB45aBtnHD5C5bUc CviQXDMPZPVAZ5qgVGN2gSBSD9GqqwRt7VZidoHMpArr SysvarC1ock11111111111111111111111111111111 SysvarS1otHashes111111111111111111111111111 Vote111111111111111111111111111111111111111]
160238143,1675855075,HyvrRdFqSdgvwpswnHoonb1twfGhZh9fswd995hXasfP,176688002,Hp4rrWnNBKSHDgqT3eCSYYVVExUAqmD7Zj82SCn4d2vW,11,vMPqG9tQb4ukfsEfCud6r6BVVpLsFXEpHjZNGZqng97kRe5tw9BANU9A9USrjC9nC3w8hc1kBb5YMhju3b5Erck,176688003,1675855075,5000,<nil>,map[InstructionError:[0 map[Custom:0]]],Apd28ivqyBG6cDRRAeGxfXag7a196V4oXJKVbepKZ9dX,1,1,[DBaiHGs3N3coL13evMepqZEUqZMT4BmdiAoCbkzXVT87 63HPSnde6Yeru7ev7NTbbRc8vg83PzzGz15jgEWPNqNJ SysvarC1ock11111111111111111111111111111111 SysvarS1otHashes111111111111111111111111111 Vote111111111111111111111111111111111111111]
160238143,1675855075,HyvrRdFqSdgvwpswnHoonb1twfGhZh9fswd995hXasfP,176688002,Hp4rrWnNBKSHDgqT3eCSYYVVExUAqmD7Zj82SCn4d2vW,11,4RsusM9PQ5oM8ponQAKg3tU2pJSJs51sTdkjUSXCwfYhSFKMS4XhmYN11qb2W88ftPdS4KiLq6qmG3h4PnM8urNC,176688003,1675855075,5000,<nil>,<nil>,4p8drx1BDmuWJDKMmzX9UdT9Rr4e7fjismZcVnNL9HqF,1,1,[9j7JiFdRtcenL3dBgRQRaiS8khGaxSUozrCmKdAfnmjh 34oGkjDsb6mRwSbvw9xZDtR9URfVpRnYjvwZecUZUsHF SysvarC1ock11111111111111111111111111111111 SysvarS1otHashes111111111111111111111111111 Vote111111111111111111111111111111111111111]
160238143,1675855075,HyvrRdFqSdgvwpswnHoonb1twfGhZh9fswd995hXasfP,176688002,Hp4rrWnNBKSHDgqT3eCSYYVVExUAqmD7Zj82SCn4d2vW,11,9PiC2RPrLGf8AhS7t4X1D4bDY2yo3KycqFourASXWT384bSMgaPvz46pdVm9Z25Lk9GTddDjFHaRXKpx1y15Q8S,176688003,1675855075,5000,<nil>,<nil>,Apd28ivqyBG6cDRRAeGxfXag7a196V4oXJKVbepKZ9dX,1,1,[5gYoQH651psGZQMVoW6Suvwsz1GNhbQgN4NXYKqd6d4Q 531ABLCYsNQ4xztxHfoCc4xqEQ8xiEWWSP3TKDG5s7hz SysvarC1ock11111111111111111111111111111111 SysvarS1otHashes111111111111111111111111111 Vote111111111111111111111111111111111111111]
160238143,1675855075,HyvrRdFqSdgvwpswnHoonb1twfGhZh9fswd995hXasfP,176688002,Hp4rrWnNBKSHDgqT3eCSYYVVExUAqmD7Zj82SCn4d2vW,11,2zcagt6fATCk89izFZDcM34h87bKMmWniFBMcLvpq8WUso73qJD9mWttQJLqZsjmovJR7bMEryuAMCP2yuoAS42c,176688003,1675855075,5000,<nil>,<nil>,7YfB8Xsn92UGcXg2uYiPXnarooqhgXibyra3qgxaPJSD,1,1,[7ZSVbdE4gTWq7rh8d6a22LoMmSCHNB45aBtnHD5C5bUc CviQXDMPZPVAZ5qgVGN2gSBSD9GqqwRt7VZidoHMpArr SysvarC1ock11111111111111111111111111111111 SysvarS1otHashes111111111111111111111111111 Vote111111111111111111111111111111111111111]
160238143,1675855075,HyvrRdFqSdgvwpswnHoonb1twfGhZh9fswd995hXasfP,176688002,Hp4rrWnNBKSHDgqT3eCSYYVVExUAqmD7Zj82SCn4d2vW,11,22TFN8FHu5h4SARs6K25SSkoboyxBCNJvqgzga661g8YbvLQZSZYom4vWS83g6UpdhxwVUFYKVuFLcPyfbRTcZJN,176688003,1675855075,5000,<nil>,<nil>,fNGExdsJMmA7M5dknuSaZwqMv4UfmaMt4PS4CTBLA2K,1,1,[JB7V8DwXyGgKLEhbBMaw2Z49SYRfJzMmuB4woi9huH7m 5GJ8DWfzxXguFpFAaZsyDDVp3kp7ymHrBvMA5XRjpvbV SysvarC1ock11111111111111111111111111111111 SysvarS1otHashes111111111111111111111111111 Vote111111111111111111111111111111111111111]
160238143,1675855075,HyvrRdFqSdgvwpswnHoonb1twfGhZh9fswd995hXasfP,176688002,Hp4rrWnNBKSHDgqT3eCSYYVVExUAqmD7Zj82SCn4d2vW,11,5SRGVXJPmV3d2NxAkWQHT8PSv2nX2FTnNxDXpSMn2dM7PBpe386M9Wy3Y3pdniFVZ9xE9sKzfFDMezzSkKxQXG7C,176688003,1675855075,5000,<nil>,<nil>,DbBKYfuHPVhKmKZ3i8jYsH67Sfyh6KgrDWHkwocxzhvA,1,1,[4DBSKsjbs66piUiQ6dUjw6cdVzAGc4FgeWSZ5UVPY5kr 3aqzf4RX7VhWzG9xJCHxBPPkrpnCJTz4iPf25uyd25v1 SysvarC1ock11111111111111111111111111111111 SysvarS1otHashes111111111111111111111111111 Vote111111111111111111111111111111111111111]
160238143,1675855075,HyvrRdFqSdgvwpswnHoonb1twfGhZh9fswd995hXasfP,176688002,Hp4rrWnNBKSHDgqT3eCSYYVVExUAqmD7Zj82SCn4d2vW,11,25uQmSVQrN5ikEsbaY45WivRJyJM9og9skBpFbDZU3dvP3TZ4JV2xUwoFCa4GYC2H9AFhPwc2Ytn6YjN4YXpnQg6,176688003,1675855075,5000,<nil>,<nil>,Apd28ivqyBG6cDRRAeGxfXag7a196V4oXJKVbepKZ9dX,1,1,[5fxyp8GDtGWcesu6R42pjFdBhXrwNJ3xyZXnKWTfNLAe 2sR1ApkwZebjrfMxAyWxEokCQVDzw6FyEYwSk11wav87 SysvarC1ock11111111111111111111111111111111 SysvarS1otHashes111111111111111111111111111 Vote111111111111111111111111111111111111111]
